Finding,Rule,Correctly Fired?,Reason,Suggested Fix
1,PERF-41,No,"log in main() startup behind env guard; not a request hot path","Move log call outside env guard or use structured logger"
2,PERF-43,Yes,"defer-recover in Gin middleware runs on every request path","Move recovery middleware to wrap only specific handlers"
3,PERF-68,No,"gin.Logger() behind gin.Mode()==DebugMode; disabled in production","Remove debug guard or use structured logger"
4,CWE-497,No,"runtime.NumCPU() in startup message; not an API endpoint","Remove from startup print or use constant"
5,PERF-40,Yes,"Multiple time.Now calls in same function body","Consolidate to single time.Now call"
6,PERF-7,Yes,"defer wg.Done() inside loop body accumulates defers","Move wg.Add/wg.Done outside loop"
7,PERF-7,Yes,"defer func(){<-sem}() inside loop leaks defers","Acquire/release semaphore without defer"
8,PERF-42,Yes,"fmt.Errorf allocates on every call; prefer errors.New","Replace with errors.New for static strings"
9,PERF-61,Yes,"router.Static() missing Cache-Control headers","Add cache headers to static file serving"
10,PERF-88,Yes,"router.Static() missing cache headers on static route","Add Cache-Control and ETag headers"
11,CWE-22,No,"filepath.Base() sanitizes path; traversal prevented","Sanitization already correct; no change needed"
12,PERF-22,Yes,"os.ReadFile on request path blocks until I/O completes","Use async I/O or cache file contents"
13,PERF-57,No,"io.ReadAll in regular handler; rule says middleware only","Rule title mismatch; handler is correct usage"
14,PERF-46,Yes,"strings.TrimSuffix allocates on request path","Check suffix exists before trimming"
15,PERF-32,Yes,"[]byte(b) conversion copies string data on hot path","Use string unsafely or reuse byte buffer"
16,PERF-32,Yes,"[]byte(b) conversion copies string data on hot path","Use string unsafely or reuse byte buffer"
17,PERF-56,Yes,"c.JSON inside loop body marshals repeatedly","Marshal once outside loop; stream response"
18,PERF-6,Yes,"fmt.Sprintf inside loop body allocates each iteration","Build filename with strconv outside loop"
19,PERF-35,Yes,"fmt.Sprintf boxes int through interface{} in loop","Use strconv.FormatInt to avoid boxing"
20,PERF-41,Yes,"log.Printf on request path; use structured logger","Replace with structured leveled logger"
21,PERF-46,Yes,"strings.TrimSpace in loop allocates per iteration","Check need before trimming; trim only if space present"
22,PERF-57,No,"io.ReadAll in regular handler; not a middleware","Rule title mismatch; handler is correct usage"
23,PERF-32,Yes,"[]byte(str) conversion copies on each request","Use json.NewDecoder instead of byte conversion"
24,PERF-32,Yes,"[]byte(str) conversion copies on each request","Use json.NewDecoder instead of byte conversion"
25,PERF-32,Yes,"[]byte(str) conversion copies on each request","Use json.NewDecoder instead of byte conversion"
26,PERF-40,Yes,"time.Now called twice in same function; consolidate","Call time.Now once and reuse value"
27,PERF-31,Yes,"defer RUnlock in same function as Lock; hot path","Move Unlock to explicit call instead of defer"
28,PERF-31,Yes,"defer Unlock in hot path function","Use explicit Unlock call instead of defer"
29,PERF-32,Yes,"[]byte(s) conversion copies repeatedly","Reuse byte buffer or use unsafe conversion"
30,PERF-32,Yes,"string([]byte) conversion copies repeatedly","Reuse byte buffer or use unsafe conversion"
31,PERF-2,Yes,"string concatenation with + inside loop","Use strings.Builder instead of + concatenation"
32,PERF-6,Yes,"fmt.Sprintf inside loop; allocates each iteration","Use strconv formatting or strings.Builder"
33,PERF-35,Yes,"fmt.Sprintf boxes args through interface in loop","Use strconv.Itoa and manual string building"
34,PERF-1,Yes,"regexp.MustCompile inside loop; compiles repeatedly","Compile regex once outside loop as package var"
35,PERF-15,Yes,"strconv.Itoa inside loop; allocates each iteration","Use strconv.AppendInt with reused buffer"
36,PERF-15,Yes,"strconv.AppendInt inside loop; allocates","Pre-size buffer or reuse across iterations"
37,PERF-2,Yes,"string concatenation with + inside loop","Use strings.Builder instead of + concatenation"
38,PERF-2,Yes,"string concatenation with + inside loop","Use strings.Builder instead of + concatenation"
39,PERF-15,Yes,"strconv.Itoa inside loop body","Use strconv.AppendInt with pre-allocated buffer"
40,PERF-15,Yes,"strconv.Itoa inside loop body","Use strconv.AppendInt with pre-allocated buffer"
41,PERF-2,Yes,"string concatenation inside loop","Use strings.Builder for efficient string building"
42,PERF-2,Yes,"string concatenation inside loop","Use strings.Builder for efficient string building"
43,PERF-2,Yes,"string concatenation inside loop","Use strings.Builder for efficient string building"
44,PERF-2,Yes,"string concatenation inside loop","Use strings.Builder for efficient string building"
45,PERF-2,Yes,"string concatenation inside loop","Use strings.Builder for efficient string building"
46,PERF-2,Yes,"string concatenation inside loop","Use strings.Builder for efficient string building"
47,PERF-2,Yes,"string concatenation inside loop","Use strings.Builder for efficient string building"
48,PERF-2,Yes,"string concatenation inside loop","Use strings.Builder for efficient string building"
49,PERF-2,Yes,"string concatenation inside loop","Use strings.Builder for efficient string building"
50,PERF-2,Yes,"string concatenation inside loop","Use strings.Builder for efficient string building"
51,PERF-2,Yes,"string concatenation inside loop","Use strings.Builder for efficient string building"
52,PERF-2,Yes,"string concatenation inside loop","Use strings.Builder for efficient string building"
53,PERF-2,Yes,"string concatenation inside loop","Use strings.Builder for efficient string building"
54,PERF-2,Yes,"string concatenation inside loop","Use strings.Builder for efficient string building"
55,PERF-2,Yes,"string concatenation inside loop","Use strings.Builder for efficient string building"
56,PERF-2,Yes,"string concatenation inside loop","Use strings.Builder for efficient string building"
57,PERF-2,Yes,"string concatenation inside loop","Use strings.Builder for efficient string building"
58,PERF-2,Yes,"string concatenation inside loop","Use strings.Builder for efficient string building"
59,PERF-2,Yes,"string concatenation inside loop","Use strings.Builder for efficient string building"
60,PERF-2,Yes,"string concatenation inside loop","Use strings.Builder for efficient string building"
61,PERF-2,Yes,"string concatenation inside loop","Use strings.Builder for efficient string building"
62,PERF-2,Yes,"string concatenation inside loop","Use strings.Builder for efficient string building"
63,PERF-2,Yes,"string concatenation inside loop","Use strings.Builder for efficient string building"
64,PERF-2,Yes,"string concatenation inside loop","Use strings.Builder for efficient string building"
65,PERF-2,Yes,"string concatenation inside loop","Use strings.Builder for efficient string building"
66,PERF-2,Yes,"string concatenation inside loop","Use strings.Builder for efficient string building"
67,PERF-2,Yes,"string concatenation inside loop","Use strings.Builder for efficient string building"
68,PERF-2,Yes,"string concatenation inside loop","Use strings.Builder for efficient string building"
69,PERF-2,Yes,"string concatenation inside loop","Use strings.Builder for efficient string building"
70,PERF-2,Yes,"string concatenation inside loop","Use strings.Builder for efficient string building"
71,PERF-2,Yes,"string concatenation inside loop","Use strings.Builder for efficient string building"
72,PERF-2,Yes,"string concatenation inside loop","Use strings.Builder for efficient string building"
73,PERF-2,Yes,"string concatenation inside loop","Use strings.Builder for efficient string building"
74,PERF-2,Yes,"string concatenation inside loop","Use strings.Builder for efficient string building"
75,PERF-2,Yes,"string concatenation inside loop","Use strings.Builder for efficient string building"
76,PERF-6,Yes,"fmt.Sprintf inside loop; allocates each iteration","Use strconv with strings.Builder"
77,PERF-6,Yes,"fmt.Sprintf inside loop; allocates each iteration","Use strconv with strings.Builder"
78,PERF-6,Yes,"fmt.Sprintf inside loop; allocates each iteration","Use strconv with strings.Builder"
79,PERF-6,Yes,"fmt.Sprintf inside loop; allocates each iteration","Use strconv with strings.Builder"
80,PERF-6,Yes,"fmt.Sprintf inside loop; allocates each iteration","Use strconv with strings.Builder"
81,PERF-6,Yes,"fmt.Sprintf inside loop; allocates each iteration","Use strconv with strings.Builder"
82,PERF-6,Yes,"fmt.Sprintf inside loop; allocates each iteration","Use strconv with strings.Builder"
83,PERF-6,Yes,"fmt.Sprintf inside loop; allocates each iteration","Use strconv with strings.Builder"
84,PERF-6,Yes,"fmt.Sprintf inside loop; allocates each iteration","Use strconv with strings.Builder"
85,PERF-6,Yes,"fmt.Sprintf inside loop; allocates each iteration","Use strconv with strings.Builder"
86,PERF-1,Yes,"regexp.MustCompile inside loop; compiles repeatedly","Compile regex once outside loop as package var"
87,PERF-1,Yes,"regexp.MustCompile inside loop; compiles repeatedly","Compile regex once outside loop as package var"
88,PERF-1,Yes,"regexp.MustCompile inside loop; compiles repeatedly","Compile regex once outside loop as package var"
89,PERF-1,Yes,"regexp.MustCompile inside loop; compiles repeatedly","Compile regex once outside loop as package var"
90,PERF-1,Yes,"regexp.MustCompile inside loop; compiles repeatedly","Compile regex once outside loop as package var"
91,PERF-1,Yes,"regexp.MustCompile inside loop; compiles repeatedly","Compile regex once outside loop as package var"
92,PERF-6,Yes,"fmt.Sprintf inside loop; allocates each iteration","Use strconv with strings.Builder"
93,PERF-15,Yes,"strconv.FormatInt inside loop; allocates","Use strconv.AppendInt with reused buffer"
94,PERF-1,Yes,"regexp.MustCompile inside loop; compiles repeatedly","Compile regex once outside loop as package var"
95,PERF-1,Yes,"regexp.MustCompile inside loop; compiles repeatedly","Compile regex once outside loop as package var"
96,PERF-1,Yes,"regexp.MustCompile inside loop; compiles repeatedly","Compile regex once outside loop as package var"
97,PERF-6,Yes,"fmt.Sprintf inside loop; allocates each iteration","Use strconv with strings.Builder"
98,PERF-35,Yes,"fmt.Sprintf boxes int through interface{} in loop","Use strconv.Itoa to avoid interface boxing"
99,PERF-1,Yes,"regexp.MustCompile inside loop; compiles repeatedly","Compile regex once outside loop as package var"
100,PERF-1,Yes,"regexp.MustCompile inside loop; compiles repeatedly","Compile regex once outside loop as package var"
101,PERF-1,Yes,"regexp.MustCompile inside loop; compiles repeatedly","Compile regex once outside loop as package var"
102,PERF-1,Yes,"regexp.MustCompile inside loop; compiles repeatedly","Compile regex once outside loop as package var"
103,PERF-1,Yes,"regexp.MustCompile inside loop; compiles repeatedly","Compile regex once outside loop as package var"
104,PERF-1,Yes,"regexp.MustCompile inside loop; compiles repeatedly","Compile regex once outside loop as package var"
105,PERF-1,Yes,"regexp.MustCompile inside loop; compiles repeatedly","Compile regex once outside loop as package var"
106,PERF-1,Yes,"regexp.MustCompile inside loop; compiles repeatedly","Compile regex once outside loop as package var"
107,PERF-1,Yes,"regexp.MustCompile inside loop; compiles repeatedly","Compile regex once outside loop as package var"
108,PERF-1,Yes,"regexp.MustCompile inside loop; compiles repeatedly","Compile regex once outside loop as package var"
109,PERF-1,Yes,"regexp.MustCompile inside loop; compiles repeatedly","Compile regex once outside loop as package var"
110,PERF-1,Yes,"regexp.MustCompile inside loop; compiles repeatedly","Compile regex once outside loop as package var"
111,PERF-1,Yes,"regexp.MustCompile inside loop; compiles repeatedly","Compile regex once outside loop as package var"
112,PERF-1,Yes,"regexp.MustCompile inside loop; compiles repeatedly","Compile regex once outside loop as package var"
113,PERF-1,Yes,"regexp.MustCompile inside loop; compiles repeatedly","Compile regex once outside loop as package var"
114,PERF-1,Yes,"regexp.MustCompile inside loop; compiles repeatedly","Compile regex once outside loop as package var"
115,PERF-1,Yes,"regexp.MustCompile inside loop; compiles repeatedly","Compile regex once outside loop as package var"
116,PERF-1,Yes,"regexp.MustCompile inside loop; compiles repeatedly","Compile regex once outside loop as package var"
117,PERF-1,Yes,"regexp.MustCompile inside loop; compiles repeatedly","Compile regex once outside loop as package var"
118,PERF-1,Yes,"regexp.MustCompile inside loop; compiles repeatedly","Compile regex once outside loop as package var"
119,PERF-1,Yes,"regexp.MustCompile inside loop; compiles repeatedly","Compile regex once outside loop as package var"
120,PERF-1,Yes,"regexp.MustCompile inside loop; compiles repeatedly","Compile regex once outside loop as package var"
121,PERF-1,Yes,"regexp.MustCompile inside loop; compiles repeatedly","Compile regex once outside loop as package var"
122,PERF-1,Yes,"regexp.MustCompile inside loop; compiles repeatedly","Compile regex once outside loop as package var"
123,PERF-1,Yes,"regexp.MustCompile inside loop; compiles repeatedly","Compile regex once outside loop as package var"
124,PERF-1,Yes,"regexp.MustCompile inside loop; compiles repeatedly","Compile regex once outside loop as package var"
125,PERF-1,Yes,"regexp.MustCompile inside loop; compiles repeatedly","Compile regex once outside loop as package var"
126,PERF-6,Yes,"fmt.Sprintf inside loop; allocates each iteration","Use strconv with strings.Builder"
127,PERF-6,Yes,"fmt.Sprintf inside loop; allocates each iteration","Use strconv with strings.Builder"
128,PERF-35,Yes,"fmt.Sprintf boxes int through interface{} in loop","Use strconv.Itoa to avoid interface boxing"
129,PERF-6,Yes,"fmt.Fprintf inside loop; allocates each iteration","Use strings.Builder WriteString with pre-formatted"
130,PERF-1,Yes,"regexp.MustCompile inside loop; compiles repeatedly","Compile regex once outside loop as package var"
131,PERF-1,Yes,"regexp.MustCompile inside loop; compiles repeatedly","Compile regex once outside loop as package var"
132,PERF-1,Yes,"regexp.MustCompile inside loop; compiles repeatedly","Compile regex once outside loop as package var"
133,PERF-1,Yes,"regexp.MustCompile inside loop; compiles repeatedly","Compile regex once outside loop as package var"
134,PERF-1,Yes,"regexp.MustCompile inside loop; compiles repeatedly","Compile regex once outside loop as package var"
135,PERF-1,Yes,"regexp.MustCompile inside loop; compiles repeatedly","Compile regex once outside loop as package var"
136,PERF-1,Yes,"regexp.MustCompile inside loop; compiles repeatedly","Compile regex once outside loop as package var"
137,PERF-1,Yes,"regexp.MustCompile inside loop; compiles repeatedly","Compile regex once outside loop as package var"
138,PERF-1,Yes,"regexp.MustCompile inside loop; compiles repeatedly","Compile regex once outside loop as package var"
139,PERF-1,Yes,"regexp.MustCompile inside loop; compiles repeatedly","Compile regex once outside loop as package var"
140,PERF-1,Yes,"regexp.MustCompile inside loop; compiles repeatedly","Compile regex once outside loop as package var"
141,PERF-1,Yes,"regexp.MustCompile inside loop; compiles repeatedly","Compile regex once outside loop as package var"
142,PERF-1,Yes,"regexp.MustCompile inside loop; compiles repeatedly","Compile regex once outside loop as package var"
143,PERF-1,Yes,"regexp.MustCompile inside loop; compiles repeatedly","Compile regex once outside loop as package var"
144,PERF-1,Yes,"regexp.MustCompile inside loop; compiles repeatedly","Compile regex once outside loop as package var"
145,PERF-1,Yes,"regexp.MustCompile inside loop; compiles repeatedly","Compile regex once outside loop as package var"
146,PERF-1,Yes,"regexp.MustCompile inside loop; compiles repeatedly","Compile regex once outside loop as package var"
147,PERF-1,Yes,"regexp.MustCompile inside loop; compiles repeatedly","Compile regex once outside loop as package var"
148,PERF-6,Yes,"fmt.Sprintf inside loop; allocates each iteration","Use strconv with strings.Builder"
149,PERF-6,Yes,"fmt.Sprintf inside loop; allocates each iteration","Use strconv with strings.Builder"
150,PERF-6,Yes,"fmt.Sprintf inside loop; allocates each iteration","Use strconv with strings.Builder"
151,PERF-6,Yes,"fmt.Sprintf inside loop; allocates each iteration","Use strconv with strings.Builder"
152,PERF-6,Yes,"fmt.Sprintf inside loop; allocates each iteration","Use strconv with strings.Builder"
153,PERF-6,Yes,"fmt.Sprintf inside loop; allocates each iteration","Use strconv with strings.Builder"
154,PERF-6,Yes,"fmt.Sprintf inside loop; allocates each iteration","Use strconv with strings.Builder"
155,PERF-6,Yes,"fmt.Sprintf inside loop; allocates each iteration","Use strconv with strings.Builder"
156,PERF-6,Yes,"fmt.Sprintf inside loop; allocates each iteration","Use strconv with strings.Builder"
157,PERF-6,Yes,"fmt.Sprintf inside loop; allocates each iteration","Use strconv with strings.Builder"
158,PERF-6,Yes,"fmt.Sprintf inside loop; allocates each iteration","Use strconv with strings.Builder"
159,PERF-6,Yes,"fmt.Sprintf inside loop; allocates each iteration","Use strconv with strings.Builder"
160,PERF-6,Yes,"fmt.Sprintf inside loop; allocates each iteration","Use strconv with strings.Builder"
161,PERF-6,Yes,"fmt.Sprintf inside loop; allocates each iteration","Use strconv with strings.Builder"
162,PERF-6,Yes,"fmt.Sprintf inside loop; allocates each iteration","Use strconv with strings.Builder"
163,PERF-6,Yes,"fmt.Sprintf inside loop; allocates each iteration","Use strconv with strings.Builder"
164,PERF-2,Yes,"string concatenation inside loop","Use strings.Builder for efficient string building"
165,PERF-2,Yes,"string concatenation inside loop","Use strings.Builder for efficient string building"
166,PERF-2,Yes,"string concatenation inside loop","Use strings.Builder for efficient string building"
167,PERF-2,Yes,"string concatenation inside loop","Use strings.Builder for efficient string building"
168,PERF-2,Yes,"string concatenation inside loop","Use strings.Builder for efficient string building"
169,PERF-2,Yes,"string concatenation inside loop","Use strings.Builder for efficient string building"
170,PERF-2,Yes,"string concatenation inside loop","Use strings.Builder for efficient string building"
171,PERF-2,Yes,"string concatenation inside loop","Use strings.Builder for efficient string building"
172,PERF-2,Yes,"string concatenation inside loop","Use strings.Builder for efficient string building"
173,PERF-2,Yes,"string concatenation inside loop","Use strings.Builder for efficient string building"
174,PERF-2,Yes,"string concatenation inside loop","Use strings.Builder for efficient string building"
175,PERF-2,Yes,"string concatenation inside loop","Use strings.Builder for efficient string building"
176,PERF-2,Yes,"string concatenation inside loop","Use strings.Builder for efficient string building"
177,PERF-2,Yes,"string concatenation inside loop","Use strings.Builder for efficient string building"
178,PERF-2,Yes,"string concatenation inside loop","Use strings.Builder for efficient string building"
179,PERF-2,Yes,"string concatenation inside loop","Use strings.Builder for efficient string building"
180,PERF-2,Yes,"string concatenation inside loop","Use strings.Builder for efficient string building"
181,PERF-2,Yes,"string concatenation inside loop","Use strings.Builder for efficient string building"
182,PERF-2,Yes,"string concatenation inside loop","Use strings.Builder for efficient string building"
183,PERF-2,Yes,"string concatenation inside loop","Use strings.Builder for efficient string building"
184,PERF-2,Yes,"string concatenation inside loop","Use strings.Builder for efficient string building"
185,PERF-2,Yes,"string concatenation inside loop","Use strings.Builder for efficient string building"
186,PERF-2,Yes,"string concatenation inside loop","Use strings.Builder for efficient string building"
187,PERF-2,Yes,"string concatenation inside loop","Use strings.Builder for efficient string building"
188,PERF-2,Yes,"string concatenation inside loop","Use strings.Builder for efficient string building"
189,PERF-2,Yes,"string concatenation inside loop","Use strings.Builder for efficient string building"
190,PERF-2,Yes,"string concatenation inside loop","Use strings.Builder for efficient string building"
191,PERF-2,Yes,"string concatenation inside loop","Use strings.Builder for efficient string building"
192,PERF-2,Yes,"string concatenation inside loop","Use strings.Builder for efficient string building"
193,PERF-2,Yes,"string concatenation inside loop","Use strings.Builder for efficient string building"
194,PERF-2,Yes,"string concatenation inside loop","Use strings.Builder for efficient string building"
195,PERF-2,Yes,"string concatenation inside loop","Use strings.Builder for efficient string building"
196,PERF-2,Yes,"string concatenation inside loop","Use strings.Builder for efficient string building"
197,PERF-2,Yes,"string concatenation inside loop","Use strings.Builder for efficient string building"
198,PERF-2,Yes,"string concatenation inside loop","Use strings.Builder for efficient string building"
199,PERF-2,Yes,"string concatenation inside loop","Use strings.Builder for efficient string building"
200,PERF-2,Yes,"string concatenation inside loop","Use strings.Builder for efficient string building"
201,PERF-2,Yes,"string concatenation inside loop","Use strings.Builder for efficient string building"
202,PERF-2,Yes,"string concatenation inside loop","Use strings.Builder for efficient string building"
203,PERF-2,Yes,"string concatenation inside loop","Use strings.Builder for efficient string building"
204,PERF-2,Yes,"string concatenation inside loop","Use strings.Builder for efficient string building"
205,PERF-2,Yes,"string concatenation inside loop","Use strings.Builder for efficient string building"
206,PERF-2,Yes,"string concatenation inside loop","Use strings.Builder for efficient string building"
207,PERF-2,Yes,"string concatenation inside loop","Use strings.Builder for efficient string building"
208,PERF-2,Yes,"string concatenation inside loop","Use strings.Builder for efficient string building"
209,PERF-2,Yes,"string concatenation inside loop","Use strings.Builder for efficient string building"
210,PERF-2,Yes,"string concatenation inside loop","Use strings.Builder for efficient string building"
211,PERF-2,Yes,"string concatenation inside loop","Use strings.Builder for efficient string building"
212,PERF-2,Yes,"string concatenation inside loop","Use strings.Builder for efficient string building"
213,PERF-6,Yes,"fmt.Sprintf inside loop; allocates each iteration","Use strconv with strings.Builder"
214,PERF-6,Yes,"fmt.Sprintf inside loop; allocates each iteration","Use strconv with strings.Builder"
215,PERF-6,Yes,"fmt.Sprintf inside loop; allocates each iteration","Use strconv with strings.Builder"
216,PERF-6,Yes,"fmt.Sprintf inside loop; allocates each iteration","Use strconv with strings.Builder"
217,PERF-6,Yes,"fmt.Sprintf inside loop; allocates each iteration","Use strconv with strings.Builder"
218,PERF-6,Yes,"fmt.Sprintf inside loop; allocates each iteration","Use strconv with strings.Builder"
219,PERF-6,Yes,"fmt.Sprintf inside loop; allocates each iteration","Use strconv with strings.Builder"
220,PERF-6,Yes,"fmt.Sprintf inside loop; allocates each iteration","Use strconv with strings.Builder"
221,PERF-6,Yes,"fmt.Sprintf inside loop; allocates each iteration","Use strconv with strings.Builder"
222,PERF-6,Yes,"fmt.Sprintf inside loop; allocates each iteration","Use strconv with strings.Builder"
223,PERF-6,Yes,"fmt.Sprintf inside loop; allocates each iteration","Use strconv with strings.Builder"
224,PERF-6,Yes,"fmt.Sprintf inside loop; allocates each iteration","Use strconv with strings.Builder"
225,PERF-6,Yes,"fmt.Sprintf inside loop; allocates each iteration","Use strconv with strings.Builder"
226,PERF-32,Yes,"[]byte(str) conversion copies on hot path","Use json.NewDecoder or unsafe conversion"
227,PERF-32,Yes,"[]byte(str) conversion copies on hot path","Use json.NewDecoder or unsafe conversion"
228,PERF-32,Yes,"[]byte(str) conversion copies on hot path","Use json.NewDecoder or unsafe conversion"
229,PERF-32,Yes,"[]byte(str) conversion copies on hot path","Use json.NewDecoder or unsafe conversion"
230,PERF-32,Yes,"string([]byte) conversion copies on hot path","Use unsafe conversion or reuse buffer"
231,PERF-32,Yes,"string([]byte) conversion copies on hot path","Use unsafe conversion or reuse buffer"
232,PERF-32,Yes,"string([]byte) conversion copies on hot path","Use unsafe conversion or reuse buffer"
233,PERF-32,Yes,"string([]byte) conversion copies on hot path","Use unsafe conversion or reuse buffer"
234,PERF-32,Yes,"string([]byte) conversion copies on hot path","Use unsafe conversion or reuse buffer"
235,PERF-32,Yes,"string([]byte) conversion copies on hot path","Use unsafe conversion or reuse buffer"
236,PERF-32,Yes,"string([]byte) conversion copies on hot path","Use unsafe conversion or reuse buffer"
237,PERF-32,Yes,"string([]byte) conversion copies on hot path","Use unsafe conversion or reuse buffer"
238,PERF-32,Yes,"string([]byte) conversion copies on hot path","Use unsafe conversion or reuse buffer"
239,PERF-32,Yes,"string([]byte) conversion copies on hot path","Use unsafe conversion or reuse buffer"
240,PERF-32,Yes,"[]byte(str) conversion copies on hot path","Use json.NewDecoder or unsafe conversion"
241,PERF-32,Yes,"[]byte(str) conversion copies on hot path","Use json.NewDecoder or unsafe conversion"
242,PERF-32,Yes,"[]byte(str) conversion copies on hot path","Use json.NewDecoder or unsafe conversion"
243,PERF-32,Yes,"[]byte(str) conversion copies on hot path","Use json.NewDecoder or unsafe conversion"
244,PERF-32,Yes,"[]byte(str) conversion copies on hot path","Use json.NewDecoder or unsafe conversion"
245,PERF-32,Yes,"[]byte(str) conversion copies on hot path","Use json.NewDecoder or unsafe conversion"
246,PERF-32,Yes,"[]byte(str) conversion copies on hot path","Use json.NewDecoder or unsafe conversion"
247,PERF-32,Yes,"[]byte(str) conversion copies on hot path","Use json.NewDecoder or unsafe conversion"
248,PERF-32,Yes,"[]byte(str) conversion copies on hot path","Use json.NewDecoder or unsafe conversion"
249,PERF-32,Yes,"[]byte(str) conversion copies on hot path","Use json.NewDecoder or unsafe conversion"
250,PERF-32,Yes,"string([]byte) conversion copies on hot path","Use unsafe conversion or reuse buffer"
251,PERF-48,No,"bytes.Equal in test file; not a production hot path","Flag applies to production code only"
252,PERF-48,No,"bytes.Equal in test file; not a production hot path","Flag applies to production code only"
253,PERF-35,Yes,"fmt.Sprintf boxes err through interface{} in PDF redact hot path","Use errors.New or wrap with %w"
254,PERF-46,Yes,"strings.TrimSpace on request path allocates","Check need before trimming"
255,PERF-2,Yes,"string concatenation inside loop","Use strings.Builder for efficient string building"
256,PERF-46,Yes,"strings.TrimSpace inside loop allocates per iteration","Check need before trimming"
257,PERF-2,Yes,"string concatenation inside loop","Use strings.Builder for efficient string building"
258,PERF-6,Yes,"fmt.Sprintf inside loop body in redact hot path","Use strings.Builder with pre-formatted"
259,PERF-35,Yes,"fmt.Sprintf boxes int through interface in loop","Use strconv.Itoa to avoid boxing"
260,PERF-6,Yes,"fmt.Sprintf inside loop body in redact hot path","Use strings.Builder with pre-formatted"
261,PERF-4,Yes,"map allocated with make inside loop body","Allocate map once outside loop"
262,PERF-1,Yes,"regexp.MustCompile inside loop; compiles repeatedly","Compile regex once outside loop as package var"
263,PERF-32,Yes,"[]byte(str) conversion copies on hot path","Use unsafe conversion or reuse buffer"
264,PERF-46,Yes,"strings.TrimSpace inside loop allocates per iteration","Check need before trimming"
265,PERF-32,Yes,"string([]byte) conversion copies data on hot path","Use unsafe conversion or reuse buffer"
266,PERF-6,Yes,"fmt.Fprintf inside loop in PDF redact hot path","Use strings.Builder WriteString"
267,PERF-6,Yes,"fmt.Sprintf inside loop; allocates each iteration","Use strconv with strings.Builder"
268,PERF-6,Yes,"fmt.Sprintf inside loop; allocates each iteration","Use strconv with strings.Builder"
269,PERF-6,Yes,"fmt.Sprintf inside loop; allocates each iteration","Use strconv with strings.Builder"
270,PERF-6,Yes,"fmt.Sprintf inside loop; allocates each iteration","Use strconv with strings.Builder"
271,PERF-6,Yes,"fmt.Sprintf inside loop; allocates each iteration","Use strconv with strings.Builder"
272,PERF-6,Yes,"fmt.Sprintf inside loop; allocates each iteration","Use strconv with strings.Builder"
273,PERF-6,Yes,"fmt.Sprintf inside loop; allocates each iteration","Use strconv with strings.Builder"
274,PERF-6,Yes,"fmt.Sprintf inside loop; allocates each iteration","Use strconv with strings.Builder"
275,PERF-6,Yes,"fmt.Sprintf inside loop; allocates each iteration","Use strconv with strings.Builder"
276,PERF-32,Yes,"[]byte(c) conversion copies in cache key hot path","Use hash.Hash.Write instead of conversion"
277,PERF-32,Yes,"[]byte(certPEM) conversion copies in PEM cache path","Use unsafe conversion or reuse buffer"
278,PERF-42,Yes,"fmt.Errorf with static string allocates","Replace with errors.New"
279,PERF-35,Yes,"fmt.Errorf boxes err through interface{}","Use %w wrapping or errors.New"
280,PERF-32,Yes,"[]byte(keyPEM) conversion copies in PEM cache path","Use unsafe conversion or reuse buffer"
281,PERF-32,Yes,"[]byte(chainPEM) conversion copies in loop","Use unsafe conversion or reuse buffer"
282,PERF-40,Yes,"time.Now called multiple times in signature field creation","Call time.Now once and reuse"
283,PERF-32,Yes,"[]byte(newByteRange) conversion on PDF signing path","Use unsafe conversion or reuse buffer"
284,PERF-32,Yes,"[]byte(sigHex) conversion on PDF signing path","Use unsafe conversion or reuse buffer"
285,PERF-4,Yes,"map allocated with make inside loop in SVG conversion","Allocate map once outside loop"
286,PERF-6,Yes,"fmt.Fprintf inside loop in SVG conversion","Use pre-formatted strings with WriteString"
287,PERF-6,Yes,"fmt.Fprintf inside loop in SVG conversion","Use pre-formatted strings with WriteString"
288,PERF-6,Yes,"fmt.Sprintf inside loop in SVG conversion","Use pre-formatted strings with WriteString"
289,PERF-6,Yes,"fmt.Sprintf inside loop in SVG conversion","Use pre-formatted strings with WriteString"
290,PERF-6,Yes,"fmt.Sprintf inside loop in SVG conversion","Use pre-formatted strings with WriteString"
291,PERF-6,Yes,"fmt.Sprintf inside loop in SVG conversion","Use pre-formatted strings with WriteString"
292,PERF-6,Yes,"fmt.Sprintf inside loop in SVG conversion","Use pre-formatted strings with WriteString"
293,PERF-6,Yes,"fmt.Sprintf inside loop in SVG conversion","Use pre-formatted strings with WriteString"
294,PERF-6,Yes,"fmt.Sprintf inside loop in SVG conversion","Use pre-formatted strings with WriteString"
295,PERF-6,Yes,"fmt.Sprintf inside loop in SVG conversion","Use pre-formatted strings with WriteString"
296,PERF-6,Yes,"fmt.Sprintf inside loop in SVG conversion","Use pre-formatted strings with WriteString"
297,PERF-6,Yes,"fmt.Sprintf inside loop in SVG conversion","Use pre-formatted strings with WriteString"
298,PERF-6,Yes,"fmt.Sprintf inside loop in SVG conversion","Use pre-formatted strings with WriteString"
299,PERF-6,Yes,"fmt.Sprintf inside loop in SVG conversion","Use pre-formatted strings with WriteString"
300,PERF-6,Yes,"fmt.Sprintf inside loop in SVG conversion","Use pre-formatted strings with WriteString"
301,PERF-6,Yes,"fmt.Fprintf inside loop; SVG path parsing hot path","Use pre-formatted strings with WriteString"
302,PERF-6,Yes,"fmt.Fprintf inside loop; SVG path parsing hot path","Use pre-formatted strings with WriteString"
303,PERF-6,Yes,"fmt.Fprintf inside loop; SVG path parsing hot path","Use pre-formatted strings with WriteString"
304,PERF-6,Yes,"fmt.Fprintf inside loop; SVG path parsing hot path","Use pre-formatted strings with WriteString"
305,PERF-6,Yes,"fmt.Fprintf inside loop; SVG path parsing hot path","Use pre-formatted strings with WriteString"
306,PERF-6,Yes,"fmt.Fprintf inside loop; SVG path parsing hot path","Use pre-formatted strings with WriteString"
307,PERF-2,Yes,"string concatenation inside loop","Use strings.Builder for efficient string building"
308,PERF-3,No,"make([]string) inside test loop; not production hot path","Flag applies to production code only"
309,PERF-32,No,"[]byte conversion in test file; not production hot path","Flag applies to production code only"
310,PERF-32,No,"[]byte conversion in test file; not production hot path","Flag applies to production code only"
311,PERF-7,Yes,"defer wg.Done() inside go func in loop","Move defer outside go func or use non-deferred pattern"
312,PERF-48,No,"bytes.Equal in test file; not a production hot path","Flag applies to production code only"
313,PERF-6,No,"fmt.Sprintf in benchmark data generator; not production code","Flag applies to production code only"
314,PERF-35,No,"fmt.Sprintf in benchmark data generator; not production code","Flag applies to production code only"
315,PERF-6,No,"fmt.Sprintf in benchmark data generator; not production code","Flag applies to production code only"
316,CWE-497,No,"runtime.NumCPU() in benchmark config; not production API","Flag applies to production endpoints only"
317,PERF-6,No,"fmt.Sprintf in benchmark code; not production hot path","Flag applies to production code only"
318,PERF-35,No,"fmt.Sprintf in benchmark code; not production hot path","Flag applies to production code only"
319,PERF-40,No,"time.Now in benchmark timing; not production hot path","Flag applies to production code only"
320,PERF-7,No,"defer in benchmark loop; not production hot path","Flag applies to production code only"
321,PERF-7,No,"defer in benchmark loop; not production hot path","Flag applies to production code only"
322,PERF-42,No,"fmt.Errorf in benchmark error path; not production","Flag applies to production code only"
323,CWE-497,No,"runtime.NumCPU() in sample app startup; not production","Flag applies to production endpoints only"
324,PERF-36,No,"goroutine in sample benchmark; not production code","Flag applies to production code only"
325,PERF-7,No,"defer in sample benchmark worker; not production","Flag applies to production code only"
326,PERF-40,No,"time.Now in sample benchmark worker; not production","Flag applies to production code only"
327,PERF-2,No,"sumDuration+=d in sample benchmark; not production","Flag applies to production code only"
328,PERF-2,No,"totalDuration+=elapsed in sample benchmark; not production","Flag applies to production code only"
329,CWE-497,No,"getSystemInfo() in sample app; not production endpoint","Flag applies to production endpoints only"
330,PERF-6,No,"fmt.Sprintf in sample data generator; not production","Flag applies to production code only"
331,PERF-35,No,"fmt.Sprintf in sample data generator; not production","Flag applies to production code only"
332,PERF-6,No,"fmt.Sprintf in sample template builder; not production","Flag applies to production code only"
333,PERF-6,No,"fmt.Sprintf in sample template builder; not production","Flag applies to production code only"
334,PERF-6,No,"fmt.Sprintf in sample template builder; not production","Flag applies to production code only"
335,PERF-6,No,"fmt.Sprintf in sample template builder; not production","Flag applies to production code only"
336,PERF-6,No,"fmt.Sprintf in sample template builder; not production","Flag applies to production code only"
337,PERF-6,No,"fmt.Sprintf in sample template builder; not production","Flag applies to production code only"
338,PERF-6,No,"fmt.Sprintf in sample template builder; not production","Flag applies to production code only"
339,PERF-36,No,"goroutine in sample benchmark; not production code","Flag applies to production code only"
340,PERF-7,No,"defer in sample benchmark worker; not production","Flag applies to production code only"
341,PERF-40,No,"time.Now in sample benchmark worker; not production","Flag applies to production code only"
342,PERF-2,No,"sumDuration+=d in sample benchmark; not production","Flag applies to production code only"
343,PERF-42,No,"fmt.Errorf in sample benchmark; not production","Flag applies to production code only"
344,PERF-27,No,"bytes.Buffer in integration test; not production code","Flag applies to production code only"
345,PERF-3,Yes,"make inside loop in math layout hot path","Pre-allocate slice rows outside loop"
346,PERF-2,Yes,"x += colWidths + colGap; not string concatenation","False positive for PERF-2; no string concat"
347,PERF-46,Yes,"strings.TrimSpace in math node scanning hot path","Check if space present before trimming"
348,PERF-35,Yes,"fmt.Sprintf in fmtFloat helper on hot path","Use strconv.FormatFloat to avoid boxing"
